{ "event_id":"cds1301",
  "time":"2024-10-05T19:07:15.000-03:00",
  "contest_time":"4:57:15.000",
  "state": {"started":"2024-10-05T14:10:00.000-03:00","ended":"2024-10-05T19:10:00.000-03:00","frozen":"2024-10-05T18:10:00.000-03:00","finalized":"2024-10-05T19:10:01.000-03:00","end_of_updates":"2024-10-05T19:10:02.000-03:00"},
  "rows": [
{"rank":1,"team_id":"Cegax","score":{"num_solved":12,"total_time":1231},
  "problems":[
   {"problem_id":"Intergalactic Chords","num_judged":1,"num_pending":0,"solved":true,"first_to_solve":true,"time":90},
   {"problem_id":"Prank","num_judged":4,"num_pending":0,"solved":true,"first_to_solve":true,"time":251},
   {"problem_id":"Periodic Cicadas","num_judged":2,"num_pending":0,"solved":true,"time":73},
   {"problem_id":"Stripped Integers","num_judged":1,"num_pending":0,"solved":true,"first_to_solve":true,"time":3},
   {"problem_id":"Scale","num_judged":1,"num_pending":0,"solved":true,"time":196},
   {"problem_id":"Next Stage","num_judged":1,"num_pending":0,"solved":true,"first_to_solve":true,"time":18},
   {"problem_id":"Gymbro","num_judged":1,"num_pending":0,"solved":true,"first_to_solve":true,"time":11},
   {"problem_id":"No Connection Allowed!","num_judged":2,"num_pending":0,"solved":true,"time":63},
   {"problem_id":"Royal Tax","num_judged":1,"num_pending":0,"solved":true,"first_to_solve":true,"time":124},
   {"problem_id":"Shout Game","num_judged":1,"num_pending":0,"solved":true,"first_to_solve":true,"time":34},
   {"problem_id":"Biotechnology Lab","num_judged":2,"num_pending":0,"solved":true,"first_to_solve":true,"time":226},
   {"problem_id":"Coffee Machine","num_judged":1,"num_pending":0,"solved":true,"first_to_solve":true,"time":22}
  ]},
{"rank":2,"team_id":"mika_uwu","score":{"num_solved":11,"total_time":1294},
  "problems":[
   {"problem_id":"Intergalactic Chords","num_judged":3,"num_pending":0,"solved":true,"time":235},
   {"problem_id":"Periodic Cicadas","num_judged":1,"num_pending":0,"solved":true,"time":78},
   {"problem_id":"Stripped Integers","num_judged":1,"num_pending":0,"solved":true,"time":5},
   {"problem_id":"Scale","num_judged":1,"num_pending":0,"solved":true,"first_to_solve":true,"time":181},
   {"problem_id":"Next Stage","num_judged":1,"num_pending":0,"solved":true,"time":23},
   {"problem_id":"Gymbro","num_judged":1,"num_pending":0,"solved":true,"time":20},
   {"problem_id":"No Connection Allowed!","num_judged":4,"num_pending":0,"solved":true,"first_to_solve":true,"time":62},
   {"problem_id":"Royal Tax","num_judged":1,"num_pending":0,"solved":true,"time":162},
   {"problem_id":"Shout Game","num_judged":2,"num_pending":0,"solved":true,"time":71},
   {"problem_id":"Biotechnology Lab","num_judged":4,"num_pending":0,"solved":true,"time":250},
   {"problem_id":"Coffee Machine","num_judged":1,"num_pending":0,"solved":true,"time":27}
  ]},
{"rank":3,"team_id":"JhoZzel_","score":{"num_solved":8,"total_time":753},
  "problems":[
   {"problem_id":"Periodic Cicadas","num_judged":1,"num_pending":0,"solved":true,"time":108},
   {"problem_id":"Stripped Integers","num_judged":1,"num_pending":0,"solved":true,"time":15},
   {"problem_id":"Scale","num_judged":1,"num_pending":0,"solved":true,"time":232},
   {"problem_id":"Next Stage","num_judged":2,"num_pending":0,"solved":true,"time":48},
   {"problem_id":"Gymbro","num_judged":1,"num_pending":0,"solved":true,"time":31},
   {"problem_id":"No Connection Allowed!","num_judged":1,"num_pending":0,"solved":true,"time":143},
   {"problem_id":"Royal Tax","num_judged":1,"num_pending":0,"solved":false},
   {"problem_id":"Shout Game","num_judged":2,"num_pending":0,"solved":true,"time":82},
   {"problem_id":"Coffee Machine","num_judged":1,"num_pending":0,"solved":true,"time":54}
  ]},
{"rank":4,"team_id":"Nayper","score":{"num_solved":8,"total_time":771},
  "problems":[
   {"problem_id":"Periodic Cicadas","num_judged":1,"num_pending":0,"solved":true,"time":88},
   {"problem_id":"Stripped Integers","num_judged":1,"num_pending":0,"solved":true,"time":14},
   {"problem_id":"Scale","num_judged":3,"num_pending":0,"solved":true,"time":223},
   {"problem_id":"Next Stage","num_judged":1,"num_pending":0,"solved":true,"time":26},
   {"problem_id":"Gymbro","num_judged":1,"num_pending":0,"solved":true,"time":51},
   {"problem_id":"No Connection Allowed!","num_judged":2,"num_pending":0,"solved":true,"time":145},
   {"problem_id":"Shout Game","num_judged":1,"num_pending":0,"solved":true,"time":66},
   {"problem_id":"Biotechnology Lab","num_judged":3,"num_pending":0,"solved":false},
   {"problem_id":"Coffee Machine","num_judged":3,"num_pending":0,"solved":true,"time":58}
  ]},
{"rank":5,"team_id":"BitHokage","score":{"num_solved":7,"total_time":534},
  "problems":[
   {"problem_id":"Periodic Cicadas","num_judged":1,"num_pending":0,"solved":true,"time":115},
   {"problem_id":"Stripped Integers","num_judged":1,"num_pending":0,"solved":true,"time":11},
   {"problem_id":"Scale","num_judged":1,"num_pending":0,"solved":false},
   {"problem_id":"Next Stage","num_judged":1,"num_pending":0,"solved":true,"time":50},
   {"problem_id":"Gymbro","num_judged":1,"num_pending":0,"solved":true,"time":38},
   {"problem_id":"No Connection Allowed!","num_judged":1,"num_pending":0,"solved":true,"time":201},
   {"problem_id":"Shout Game","num_judged":1,"num_pending":0,"solved":true,"time":62},
   {"problem_id":"Coffee Machine","num_judged":1,"num_pending":0,"solved":true,"time":57}
  ]},
{"rank":6,"team_id":"bardend","score":{"num_solved":7,"total_time":939},
  "problems":[
   {"problem_id":"Periodic Cicadas","num_judged":2,"num_pending":0,"solved":true,"time":101},
   {"problem_id":"Stripped Integers","num_judged":1,"num_pending":0,"solved":true,"time":45},
   {"problem_id":"Next Stage","num_judged":1,"num_pending":0,"solved":true,"time":57},
   {"problem_id":"Gymbro","num_judged":1,"num_pending":0,"solved":true,"time":295},
   {"problem_id":"No Connection Allowed!","num_judged":1,"num_pending":0,"solved":true,"time":278},
   {"problem_id":"Shout Game","num_judged":1,"num_pending":0,"solved":true,"time":80},
   {"problem_id":"Coffee Machine","num_judged":1,"num_pending":0,"solved":true,"time":63}
  ]},
{"rank":7,"team_id":"daneil892","score":{"num_solved":6,"total_time":635},
  "problems":[
   {"problem_id":"Periodic Cicadas","num_judged":1,"num_pending":0,"solved":true,"first_to_solve":true,"time":46},
   {"problem_id":"Stripped Integers","num_judged":3,"num_pending":0,"solved":true,"time":277},
   {"problem_id":"Next Stage","num_judged":1,"num_pending":0,"solved":true,"time":58},
   {"problem_id":"Gymbro","num_judged":1,"num_pending":0,"solved":true,"time":64},
   {"problem_id":"Shout Game","num_judged":1,"num_pending":0,"solved":true,"time":80},
   {"problem_id":"Coffee Machine","num_judged":1,"num_pending":0,"solved":true,"time":70}
  ]},
{"rank":8,"team_id":"Qzxell","score":{"num_solved":1,"total_time":20},
  "problems":[
   {"problem_id":"Stripped Integers","num_judged":1,"num_pending":0,"solved":true,"time":20}
  ]},
{"rank":9,"team_id":"AdaraDiphda23","score":{"num_solved":1,"total_time":194},
  "problems":[
   {"problem_id":"Periodic Cicadas","num_judged":1,"num_pending":0,"solved":false},
   {"problem_id":"Stripped Integers","num_judged":6,"num_pending":0,"solved":true,"time":94}
  ]}
]}