[{"id":"rank-1","team_ids":["Cegax"],"citation":"1er puesto"},
{"id":"rank-2","team_ids":["mika_uwu"],"citation":"2\u00ba puesto"},
{"id":"rank-3","team_ids":["JhoZzel_"],"citation":"3er puesto"},
{"id":"first-to-solve-Coffee Machine","team_ids":["Cegax"],"citation":"Primera soluci\u00f3n correcta del problema M"},
{"id":"first-to-solve-Shout Game","team_ids":["Cegax"],"citation":"Primera soluci\u00f3n correcta del problema J"},
{"id":"first-to-solve-Periodic Cicadas","team_ids":["daneil892"],"citation":"Primera soluci\u00f3n correcta del problema C"},
{"id":"first-to-solve-No Connection Allowed!","team_ids":["mika_uwu"],"citation":"Primera soluci\u00f3n correcta del problema H"},
{"id":"first-to-solve-Intergalactic Chords","team_ids":["Cegax"],"citation":"Primera soluci\u00f3n correcta del problema A"},
{"id":"first-to-solve-Royal Tax","team_ids":["Cegax"],"citation":"Primera soluci\u00f3n correcta del problema I"},
{"id":"first-to-solve-Scale","team_ids":["mika_uwu"],"citation":"Primera soluci\u00f3n correcta del problema E"},
{"id":"first-to-solve-Biotechnology Lab","team_ids":["Cegax"],"citation":"Primera soluci\u00f3n correcta del problema L"},
{"id":"first-to-solve-Prank","team_ids":["Cegax"],"citation":"Primera soluci\u00f3n correcta del problema B"},
{"id":"first-to-solve-Stripped Integers","team_ids":["Cegax"],"citation":"Primera soluci\u00f3n correcta del problema D"},
{"id":"first-to-solve-Gymbro","team_ids":["Cegax"],"citation":"Primera soluci\u00f3n correcta del problema G"},
{"id":"first-to-solve-Next Stage","team_ids":["Cegax"],"citation":"Primera soluci\u00f3n correcta del problema F"}]