{ "event_id":"cds817",
  "time":"2024-10-06T21:58:51.000-03:00",
  "contest_time":"4:59:00.000",
  "state": {"started":"2024-10-06T17:00:00.000-03:00","ended":"2024-10-06T22:00:00.000-03:00","frozen":"2024-10-06T21:00:00.000-03:00","finalized":"2024-10-06T22:00:01.000-03:00","end_of_updates":"2024-10-06T22:00:20.000-03:00"},
  "rows": [
{"rank":1,"team_id":"Nayper","score":{"num_solved":4,"total_time":800},
  "problems":[
   {"problem_id":"Box","num_judged":2,"num_pending":0,"solved":true,"time":72},
   {"problem_id":"Connections","num_judged":4,"num_pending":0,"solved":true,"time":298},
   {"problem_id":"Designing the Toy","num_judged":5,"num_pending":0,"solved":true,"first_to_solve":true,"time":210},
   {"problem_id":"Easy Quest","num_judged":3,"num_pending":0,"solved":true,"time":20}
  ]},
{"rank":2,"team_id":"JhoZzel_","score":{"num_solved":3,"total_time":423},
  "problems":[
   {"problem_id":"Box","num_judged":1,"num_pending":0,"solved":true,"time":74},
   {"problem_id":"Connections","num_judged":4,"num_pending":0,"solved":true,"time":279},
   {"problem_id":"Easy Quest","num_judged":1,"num_pending":0,"solved":true,"time":10},
   {"problem_id":"Journey from Petersburg to Moscow","num_judged":6,"num_pending":0,"solved":false}
  ]},
{"rank":3,"team_id":"daneil892","score":{"num_solved":3,"total_time":931},
  "problems":[
   {"problem_id":"Box","num_judged":4,"num_pending":0,"solved":true,"time":284},
   {"problem_id":"Connections","num_judged":1,"num_pending":0,"solved":true,"first_to_solve":true,"time":223},
   {"problem_id":"Easy Quest","num_judged":6,"num_pending":0,"solved":true,"time":264}
  ]},
{"rank":4,"team_id":"Cegax","score":{"num_solved":2,"total_time":56},
  "problems":[
   {"problem_id":"Box","num_judged":1,"num_pending":0,"solved":true,"time":53},
   {"problem_id":"Designing the Toy","num_judged":2,"num_pending":0,"solved":false},
   {"problem_id":"Easy Quest","num_judged":1,"num_pending":0,"solved":true,"first_to_solve":true,"time":3},
   {"problem_id":"The Final Level","num_judged":3,"num_pending":0,"solved":false},
   {"problem_id":"Interactive Sort","num_judged":3,"num_pending":0,"solved":false}
  ]},
{"rank":5,"team_id":"mika_uwu","score":{"num_solved":2,"total_time":61},
  "problems":[
   {"problem_id":"Box","num_judged":1,"num_pending":0,"solved":true,"first_to_solve":true,"time":24},
   {"problem_id":"Easy Quest","num_judged":1,"num_pending":0,"solved":true,"time":37},
   {"problem_id":"The Final Level","num_judged":2,"num_pending":0,"solved":false}
  ]},
{"rank":6,"team_id":"BitHokage","score":{"num_solved":2,"total_time":221},
  "problems":[
   {"problem_id":"Box","num_judged":5,"num_pending":0,"solved":true,"time":109},
   {"problem_id":"Easy Quest","num_judged":2,"num_pending":0,"solved":true,"time":12}
  ]},
{"rank":7,"team_id":"Thunder8971","score":{"num_solved":1,"total_time":44},
  "problems":[
   {"problem_id":"Easy Quest","num_judged":2,"num_pending":0,"solved":true,"time":24}
  ]}
]}